"","Year and control of institution","Constant 2017-18 dollars1","Constant 2017-18 dollars1","Constant 2017-18 dollars1","Constant 2017-18 dollars1","Constant 2017-18 dollars1","Constant 2017-18 dollars1","Constant 2017-18 dollars1","Constant 2017-18 dollars1","Constant 2017-18 dollars1","Constant 2017-18 dollars1","Constant 2017-18 dollars1","Constant 2017-18 dollars1","Current dollars","Current dollars","Current dollars","Current dollars","Current dollars","Current dollars","Current dollars","Current dollars","Current dollars","Current dollars","Current dollars","Current dollars"
"1","Year and control of institution","Total tuition, fees, room, and board","Total tuition, fees, room, and board","Total tuition, fees, room, and board","Tuition and required fees2","Tuition and required fees2","Tuition and required fees2","Dormitory rooms","Dormitory rooms","Dormitory rooms","Board3","Board3","Board3","Total tuition, fees, room, and board","Total tuition, fees, room, and board","Total tuition, fees, room, and board","Tuition and required fees2","Tuition and required fees2","Tuition and required fees2","Dormitory rooms","Dormitory rooms","Dormitory rooms","Board3","Board3","Board3"
"2","Year and control of institution","All insti-tutions","4-year","2-year","All insti-tutions","4-year","2-year","All insti-tutions","4-year","2-year","All insti-tutions","4-year","2-year","All insti-tutions","4-year","2-year","All insti-tutions","4-year","2-year","All insti-tutions","4-year","2-year","All insti-tutions","4-year","2-year"
"3","1","2","3","4","5","6","7","8","9","10","11","12","13","14","15","16","17","18","19","20","21","22","23","24","25"
"4","All institutions","","","","","","","","","","","","","","","","","","","","","","","",""
"5","1963-64","$10,040","$10,347","$6,238","$4,089","$4,446","$1,378","$2,271","$2,241","$1,683","$3,679","$3,660","$3,178","$1,248","$1,286","$775","$508","$553","$171","$282","$279","$209","$457","$455","$395"
"6","1966-67","10,387","10,849","6,978","4,327","4,827","1,615","2,476","2,465","2,110","3,585","3,557","3,252","1,378","1,439","926","574","640","214","328","327","280","476","472","431"
"7","1967-68","10,325","10,852","7,178","4,287","4,835","1,694","2,495","2,489","2,199","3,543","3,527","3,286","1,415","1,487","984","588","663","232","342","341","301","486","483","450"
"8","1968-69","10,147","10,750","7,325","4,149","4,753","1,742","2,506","2,505","2,274","3,492","3,491","3,309","1,459","1,545","1,053","596","683","250","360","360","327","502","502","476"
"9","","","","","","","","","","","","","","","","","","","","","","","","",""
"10","1969-70","10,247","10,999","7,156","4,238","4,959","1,625","2,557","2,574","2,279","3,453","3,465","3,252","1,560","1,674","1,089","645","755","247","389","392","347","526","528","495"
"11","1970-71","10,323","11,145","6,998","4,297","5,083","1,558","2,616","2,635","2,308","3,409","3,427","3,132","1,653","1,784","1,120","688","814","249","419","422","369","546","549","501"
"12","1971-72","10,434","11,321","7,065","4,364","5,218","1,512","2,683","2,704","2,357","3,387","3,400","3,196","1,730","1,878","1,172","724","865","251","445","448","391","562","564","530"
"13","1972-73","10,632","11,771","7,396","4,402","5,508","1,663","2,827","2,854","2,404","3,403","3,408","3,329","1,834","2,031","1,276","759","950","287","488","492","415","587","588","574"
"14","1973-74","10,128","11,161","7,229","4,234","5,240","1,748","2,636","2,660","2,287","3,257","3,261","3,194","1,903","2,097","1,358","796","985","328","495","500","430","612","613","600"
"15","","","","","","","","","","","","","","","","","","","","","","","","",""
"16","1974-75","9,501","10,476","6,858","3,878","4,830","1,570","2,530","2,552","2,205","3,093","3,094","3,084","1,983","2,187","1,432","809","1,008","328","528","533","460","646","646","644"
"17","1975-76","9,410","10,536","6,592","3,709","4,801","1,330","2,545","2,577","2,121","3,156","3,157","3,142","2,103","2,355","1,473","829","1,073","297","569","576","474","705","706","702"
"18","1976-77","9,619","10,894","6,755","3,907","5,151","1,461","2,551","2,582","2,125","3,161","3,161","3,169","2,275","2,577","1,598","924","1,218","346","603","611","503","748","748","750"
"19","1977-78","9,550","10,795","6,748","3,900","5,116","1,498","2,556","2,590","2,079","3,094","3,089","3,171","2,411","2,725","1,703","984","1,291","378","645","654","525","781","780","801"
"20","1978-79","9,370","10,567","6,622","3,885","5,059","1,488","2,492","2,519","2,083","2,992","2,988","3,050","2,587","2,917","1,828","1,073","1,397","411","688","696","575","826","825","842"
"21","","","","","","","","","","","","","","","","","","","","","","","","",""
"22","1979-80","8,978","10,122","6,326","3,717","4,836","1,441","2,400","2,427","2,007","2,861","2,860","2,878","2,809","3,167","1,979","1,163","1,513","451","751","759","628","895","895","900"
"23","1980-81","8,883","10,024","6,388","3,691","4,808","1,506","2,395","2,423","2,018","2,797","2,792","2,864","3,101","3,499","2,230","1,289","1,679","526","836","846","705","976","975","1,000"
"24","1981-82","9,200","10,417","6,527","3,841","5,029","1,554","2,504","2,535","2,090","2,855","2,853","2,883","3,489","3,951","2,476","1,457","1,907","590","950","961","793","1,083","1,082","1,094"
"25","1982-83","9,800","11,138","6,860","4,110","5,408","1,705","2,689","2,725","2,208","3,001","3,005","2,946","3,877","4,406","2,713","1,626","2,139","675","1,064","1,078","873","1,187","1,189","1,165"
"26","1983-84","10,159","11,573","6,959","4,346","5,713","1,780","2,792","2,833","2,233","3,021","3,027","2,945","4,167","4,747","2,854","1,783","2,344","730","1,145","1,162","916","1,239","1,242","1,208"
"27","","","","","","","","","","","","","","","","","","","","","","","","",""
"28","1984-85","10,704","12,106","7,459","4,657","6,023","1,926","2,973","3,008","2,481","3,074","3,075","3,051","4,563","5,160","3,179","1,985","2,567","821","1,267","1,282","1,058","1,310","1,311","1,301"
"29","1985-864","11,138","12,551","7,677","4,973","6,349","2,026","3,051","3,089","2,524","3,113","3,112","3,127","4,885","5,504","3,367","2,181","2,784","888","1,338","1,355","1,107","1,365","1,365","1,372"
"30","1986-87","11,612","13,304","7,351","5,157","6,786","2,001","3,133","3,182","2,307","3,322","3,336","3,043","5,206","5,964","3,295","2,312","3,042","897","1,405","1,427","1,034","1,489","1,495","1,364"
"31","1987-88","11,769","13,435","6,989","5,265","6,856","1,733","3,186","3,248","2,179","3,318","3,331","3,077","5,494","6,272","3,263","2,458","3,201","809","1,488","1,516","1,017","1,549","1,555","1,437"
"32","1988-89","12,015","13,769","7,315","5,441","7,109","2,005","3,224","3,294","2,221","3,350","3,367","3,089","5,869","6,725","3,573","2,658","3,472","979","1,575","1,609","1,085","1,636","1,644","1,509"
"33","","","","","","","","","","","","","","","","","","","","","","","","",""
"34","1989-90","12,130","14,092","7,240","5,548","7,426","1,911","3,201","3,273","2,159","3,381","3,394","3,170","6,207","7,212","3,705","2,839","3,800","978","1,638","1,675","1,105","1,730","1,737","1,622"
"35","1990-91","12,158","14,084","7,282","5,589","7,428","2,015","3,230","3,301","2,191","3,339","3,355","3,077","6,562","7,602","3,930","3,016","4,009","1,087","1,743","1,782","1,182","1,802","1,811","1,660"
"36","1991-92","12,705","14,789","7,346","5,898","7,873","2,135","3,364","3,449","2,173","3,443","3,467","3,038","7,077","8,238","4,092","3,286","4,385","1,189","1,874","1,921","1,210","1,918","1,931","1,692"
"37","1992-93","12,974","15,246","7,325","6,123","8,273","2,221","3,375","3,466","2,159","3,476","3,507","2,945","7,452","8,758","4,207","3,517","4,752","1,276","1,939","1,991","1,240","1,996","2,015","1,692"
"38","1993-94","13,459","15,776","7,549","6,495","8,687","2,374","3,491","3,582","2,261","3,474","3,507","2,915","7,931","9,296","4,449","3,827","5,119","1,399","2,057","2,111","1,332","2,047","2,067","1,718"
"39","","","","","","","","","","","","","","","","","","","","","","","","",""
"40","1994-95","13,701","16,048","7,643","6,672","8,893","2,454","3,539","3,628","2,303","3,490","3,526","2,887","8,306","9,728","4,633","4,044","5,391","1,488","2,145","2,200","1,396","2,116","2,138","1,750"
"41","1995-96","14,133","16,590","7,588","6,967","9,292","2,445","3,636","3,723","2,365","3,531","3,575","2,778","8,800","10,330","4,725","4,338","5,786","1,522","2,264","2,318","1,473","2,199","2,226","1,730"
"42","1996-97","14,374","16,927","7,644","7,127","9,554","2,409","3,693","3,781","2,377","3,554","3,592","2,857","9,206","10,841","4,895","4,564","6,118","1,543","2,365","2,422","1,522","2,276","2,301","1,830"
"43","1997-98","14,708","17,300","7,965","7,294","9,742","2,600","3,749","3,846","2,451","3,665","3,712","2,914","9,588","11,277","5,192","4,755","6,351","1,695","2,444","2,507","1,598","2,389","2,419","1,900"
"44","1998-99","15,194","17,927","7,979","7,559","10,138","2,602","3,856","3,959","2,437","3,778","3,830","2,940","10,076","11,888","5,291","5,013","6,723","1,725","2,557","2,626","1,616","2,506","2,540","1,950"
"45","","","","","","","","","","","","","","","","","","","","","","","","",""
"46","1999-2000","15,287","18,100","7,943","7,653","10,319","2,532","3,937","4,031","2,596","3,697","3,749","2,815","10,430","12,349","5,420","5,222","7,040","1,728","2,686","2,751","1,771","2,523","2,558","1,920"
"47","2000-01","15,333","18,313","7,746","7,620","10,446","2,406","3,998","4,099","2,523","3,714","3,767","2,816","10,820","12,922","5,466","5,377","7,372","1,698","2,821","2,893","1,781","2,621","2,658","1,987"
"48","2001-02","15,847","18,992","7,962","7,863","10,842","2,506","4,151","4,261","2,573","3,833","3,889","2,883","11,380","13,639","5,718","5,646","7,786","1,800","2,981","3,060","1,848","2,753","2,793","2,070"
"49","2002-03","16,369","19,674","8,519","8,178","11,321","2,593","4,331","4,446","2,830","3,859","3,907","3,095","12,014","14,439","6,252","6,002","8,309","1,903","3,179","3,263","2,077","2,832","2,867","2,272"
"50","2003-04","17,272","20,674","8,940","8,811","12,039","2,899","4,479","4,598","2,944","3,982","4,038","3,097","12,953","15,505","6,705","6,608","9,029","2,174","3,359","3,448","2,208","2,986","3,028","2,322"
"51","","","","","","","","","","","","","","","","","","","","","","","","",""
"52","2004-05","17,854","21,370","9,184","9,219","12,563","3,026","4,623","4,740","3,047","4,012","4,067","3,111","13,793","16,510","7,095","7,122","9,706","2,338","3,572","3,662","2,354","3,100","3,142","2,404"
"53","2005-06","18,247","21,760","9,022","9,478","12,817","3,014","4,751","4,869","3,006","4,018","4,075","3,003","14,634","17,451","7,236","7,601","10,279","2,417","3,810","3,905","2,411","3,222","3,268","2,408"
"54","2006-07","18,822","22,453","9,076","9,837","13,286","3,034","4,884","5,003","3,073","4,101","4,164","2,969","15,486","18,473","7,467","8,093","10,931","2,496","4,019","4,116","2,528","3,374","3,426","2,443"
"55","2007-08","19,019","22,696","8,951","9,939","13,426","2,949","4,938","5,059","3,087","4,142","4,211","2,915","16,227","19,364","7,637","8,480","11,455","2,516","4,213","4,317","2,634","3,534","3,593","2,487"
"56","2008-09","19,703","23,536","9,500","10,279","13,924","3,025","5,139","5,268","3,216","4,285","4,345","3,260","17,045","20,361","8,219","8,892","12,046","2,617","4,446","4,557","2,782","3,707","3,759","2,820"
"57","","","","","","","","","","","","","","","","","","","","","","","","",""
"58","2009-10","20,206","24,186","9,778","10,458","14,201","3,347","5,333","5,478","3,427","4,416","4,507","3,004","17,650","21,126","8,541","9,135","12,404","2,923","4,658","4,785","2,994","3,857","3,937","2,624"
"59","2010-11","20,735","24,773","9,953","10,746","14,529","3,434","5,474","5,634","3,450","4,515","4,611","3,069","18,475","22,074","8,868","9,575","12,945","3,060","4,878","5,020","3,074","4,023","4,108","2,734"
"60","2011-12","21,154","25,090","10,191","11,098","14,798","3,537","5,544","5,696","3,490","4,512","4,596","3,163","19,401","23,011","9,347","10,179","13,572","3,244","5,085","5,224","3,201","4,138","4,215","2,901"
"61","2012-13","21,700","25,601","10,267","11,455","15,122","3,562","5,680","5,827","3,582","4,565","4,652","3,123","20,233","23,871","9,573","10,681","14,099","3,322","5,296","5,433","3,340","4,256","4,338","2,911"
"62","2013-14","22,171","26,084","10,445","11,693","15,378","3,558","5,829","5,970","3,740","4,649","4,736","3,148","20,995","24,701","9,891","11,073","14,563","3,369","5,520","5,654","3,541","4,402","4,484","2,981"
"63","","","","","","","","","","","","","","","","","","","","","","","","",""
"64","2014-15","22,780","26,638","10,644","12,043","15,680","3,553","5,995","6,133","3,832","4,741","4,824","3,259","21,729","25,409","10,153","11,487","14,957","3,389","5,719","5,850","3,655","4,523","4,602","3,109"
"65","2015-16","23,367","27,213","10,838","12,352","15,977","3,553","6,160","6,292","4,008","4,855","4,943","3,277","22,439","26,132","10,407","11,862","15,343","3,412","5,915","6,043","3,849","4,662","4,747","3,147"
"66","2016-17","23,612","27,192","10,836","12,494","15,861","3,598","6,244","6,371","4,020","4,873","4,959","3,218","23,091","26,592","10,597","12,219","15,512","3,519","6,107","6,231","3,932","4,766","4,850","3,147"
"67","2017-18","23,835","27,357","10,704","12,615","15,924","3,539","6,320","6,451","3,926","4,899","4,982","3,240","23,835","27,357","10,704","12,615","15,924","3,539","6,320","6,451","3,926","4,899","4,982","3,240"
"68","","","","","","","","","","","","","","","","","","","","","","","","",""
"69","Public insti-   tutions","","","","","","","","","","","","","","","","","","","","","","","",""
"70","1963-64","7,341","7,471","5,068","1,883","1,958","780","2,009","2,039","1,384","3,449","3,474","2,904","912","929","630","234","243","97","250","253","172","429","432","361"
"71","1966-67","7,648","7,907","5,352","2,073","2,279","912","2,195","2,222","1,606","3,380","3,405","2,834","1,015","1,049","710","275","302","121","291","295","213","448","452","376"
"72","1967-68","7,701","7,942","5,757","2,065","2,262","1,051","2,264","2,287","1,773","3,373","3,393","2,933","1,055","1,089","789","283","310","144","310","313","243","462","465","402"
"73","1968-69","7,732","7,951","6,143","2,052","2,233","1,183","2,324","2,345","1,934","3,356","3,373","3,026","1,112","1,143","883","295","321","170","334","337","278","482","485","435"
"74","","","","","","","","","","","","","","","","","","","","","","","","",""
"75","1969-70","7,860","8,131","6,247","2,122","2,354","1,169","2,404","2,426","2,023","3,334","3,351","3,054","1,197","1,238","951","323","358","178","366","369","308","508","510","465"
"76","1970-71","7,970","8,282","6,234","2,192","2,459","1,168","2,482","2,505","2,111","3,296","3,318","2,954","1,276","1,326","998","351","394","187","397","401","338","528","531","473"
"77","1971-72","8,122","8,471","6,470","2,267","2,579","1,158","2,567","2,591","2,207","3,288","3,300","3,105","1,347","1,405","1,073","376","428","192","426","430","366","545","547","515"
"78","1972-73","8,418","9,004","6,938","2,359","2,913","1,351","2,732","2,761","2,307","3,327","3,330","3,281","1,452","1,553","1,197","407","503","233","471","476","398","574","575","566"
"79","1973-74","8,062","8,494","6,780","2,331","2,733","1,458","2,547","2,573","2,177","3,185","3,188","3,145","1,515","1,596","1,274","438","514","274","479","483","409","598","599","591"
"80","","","","","","","","","","","","","","","","","","","","","","","","",""
"81","1974-75","7,479","7,889","6,415","2,070","2,455","1,327","2,420","2,449","2,031","2,990","2,985","3,057","1,561","1,647","1,339","432","512","277","505","511","424","624","623","638"
"82","1975-76","7,440","7,962","6,201","1,937","2,426","1,096","2,431","2,469","1,978","3,072","3,067","3,127","1,663","1,780","1,386","433","542","245","543","552","442","687","686","699"
"83","1976-77","7,563","8,181","6,302","2,024","2,607","1,198","2,463","2,502","1,965","3,077","3,072","3,138","1,789","1,935","1,491","479","617","283","582","592","465","728","727","742"
"84","1977-78","7,478","8,073","6,297","2,027","2,594","1,214","2,460","2,501","1,925","2,991","2,979","3,158","1,888","2,038","1,590","512","655","306","621","631","486","755","752","797"
"85","1978-79","7,221","7,769","6,125","1,966","2,491","1,185","2,372","2,405","1,908","2,883","2,873","3,031","1,994","2,145","1,691","543","688","327","655","664","527","796","793","837"
"86","","","","","","","","","","","","","","","","","","","","","","","","",""
"87","1979-80","6,919","7,439","5,822","1,865","2,357","1,134","2,285","2,318","1,834","2,770","2,764","2,854","2,165","2,327","1,822","583","738","355","715","725","574","867","865","893"
"88","1980-81","6,798","7,305","5,806","1,819","2,302","1,120","2,288","2,323","1,838","2,692","2,680","2,848","2,373","2,550","2,027","635","804","391","799","811","642","940","936","994"
"89","1981-82","7,021","7,569","5,864","1,882","2,398","1,146","2,398","2,440","1,854","2,741","2,731","2,864","2,663","2,871","2,224","714","909","434","909","925","703","1,039","1,036","1,086"
"90","1982-83","7,444","8,080","6,041","2,018","2,607","1,196","2,554","2,605","1,909","2,872","2,868","2,936","2,945","3,196","2,390","798","1,031","473","1,010","1,030","755","1,136","1,134","1,162"
"91","1983-84","7,694","8,369","6,177","2,173","2,798","1,287","2,650","2,705","1,952","2,871","2,866","2,938","3,156","3,433","2,534","891","1,148","528","1,087","1,110","801","1,178","1,175","1,205"
"92","","","","","","","","","","","","","","","","","","","","","","","","",""
"93","1984-85","7,995","8,637","6,585","2,277","2,881","1,370","2,805","2,854","2,160","2,912","2,902","3,055","3,408","3,682","2,807","971","1,228","584","1,196","1,217","921","1,241","1,237","1,302"
"94","1985-864","8,143","8,798","6,797","2,382","3,004","1,462","2,831","2,880","2,189","2,930","2,914","3,147","3,571","3,859","2,981","1,045","1,318","641","1,242","1,263","960","1,285","1,278","1,380"
"95","1986-87","8,488","9,230","6,667","2,468","3,153","1,473","2,902","2,950","2,184","3,118","3,126","3,010","3,805","4,138","2,989","1,106","1,414","660","1,301","1,323","979","1,398","1,401","1,349"
"96","1987-88","8,675","9,431","6,566","2,609","3,293","1,512","2,952","3,019","2,020","3,114","3,119","3,035","4,050","4,403","3,066","1,218","1,537","706","1,378","1,410","943","1,454","1,456","1,417"
"97","1988-89","8,751","9,578","6,516","2,630","3,370","1,495","2,982","3,063","1,975","3,138","3,145","3,047","4,274","4,678","3,183","1,285","1,646","730","1,457","1,496","965","1,533","1,536","1,488"
"98","","","","","","","","","","","","","","","","","","","","","","","","",""
"99","1989-90","8,801","9,722","6,447","2,650","3,478","1,477","2,957","3,043","1,880","3,194","3,202","3,090","4,504","4,975","3,299","1,356","1,780","756","1,513","1,557","962","1,635","1,638","1,581"
"100","1990-91","8,814","9,714","6,425","2,694","3,498","1,527","2,987","3,069","1,945","3,133","3,146","2,953","4,757","5,243","3,467","1,454","1,888","824","1,612","1,657","1,050","1,691","1,698","1,594"
"101","1991-92","9,225","10,221","6,504","2,923","3,800","1,681","3,107","3,204","1,929","3,195","3,217","2,894","5,138","5,693","3,623","1,628","2,117","936","1,731","1,785","1,074","1,780","1,792","1,612"
"102","1992-93","9,364","10,480","6,613","3,102","4,090","1,785","3,057","3,162","1,926","3,205","3,228","2,903","5,379","6,020","3,799","1,782","2,349","1,025","1,756","1,816","1,106","1,841","1,854","1,668"
"103","1993-94","9,663","10,801","6,781","3,296","4,305","1,909","3,178","3,282","2,019","3,190","3,215","2,853","5,694","6,365","3,996","1,942","2,537","1,125","1,873","1,934","1,190","1,880","1,895","1,681"
"104","","","","","","","","","","","","","","","","","","","","","","","","",""
"105","1994-95","9,840","11,004","6,824","3,393","4,422","1,967","3,232","3,337","2,032","3,215","3,245","2,825","5,965","6,670","4,137","2,057","2,681","1,192","1,959","2,023","1,232","1,949","1,967","1,712"
"106","1995-96","10,047","11,264","6,772","3,499","4,573","1,990","3,304","3,406","2,082","3,244","3,285","2,699","6,256","7,014","4,217","2,179","2,848","1,239","2,057","2,121","1,297","2,020","2,045","1,681"
"107","1996-97","10,196","11,452","6,876","3,547","4,664","1,992","3,354","3,457","2,091","3,296","3,331","2,793","6,530","7,334","4,404","2,271","2,987","1,276","2,148","2,214","1,339","2,111","2,133","1,789"
"108","1997-98","10,452","11,772","6,918","3,621","4,770","2,016","3,414","3,529","2,149","3,418","3,472","2,753","6,813","7,673","4,509","2,360","3,110","1,314","2,225","2,301","1,401","2,228","2,263","1,795"
"109","1998-99","10,717","12,104","6,943","3,665","4,869","2,000","3,513","3,633","2,187","3,539","3,603","2,756","7,107","8,027","4,604","2,430","3,229","1,327","2,330","2,409","1,450","2,347","2,389","1,828"
"110","","","","","","","","","","","","","","","","","","","","","","","","",""
"111","1999-2000","10,711","12,127","6,933","3,669","4,908","1,975","3,576","3,692","2,270","3,465","3,527","2,687","7,308","8,274","4,730","2,504","3,349","1,348","2,440","2,519","1,549","2,364","2,406","1,834"
"112","2000-01","10,751","12,263","6,857","3,631","4,961","1,888","3,640","3,761","2,268","3,480","3,541","2,701","7,586","8,653","4,839","2,562","3,501","1,333","2,569","2,654","1,600","2,455","2,499","1,906"
"113","2001-02","11,170","12,805","7,154","3,760","5,201","1,921","3,792","3,922","2,398","3,618","3,682","2,834","8,022","9,196","5,137","2,700","3,735","1,380","2,723","2,816","1,722","2,598","2,645","2,036"
"114","2002-03","11,583","13,336","7,632","3,955","5,513","2,021","3,992","4,127","2,662","3,637","3,696","2,949","8,502","9,787","5,601","2,903","4,046","1,483","2,930","3,029","1,954","2,669","2,712","2,164"
"115","2003-04","12,329","14,233","8,016","4,425","6,115","2,269","4,141","4,283","2,785","3,763","3,834","2,962","9,247","10,674","6,012","3,319","4,587","1,702","3,106","3,212","2,089","2,822","2,876","2,221"
"116","","","","","","","","","","","","","","","","","","","","","","","","",""
"117","2004-05","12,769","14,789","8,252","4,698","6,506","2,393","4,277","4,425","2,814","3,794","3,858","3,045","9,864","11,426","6,375","3,629","5,027","1,849","3,304","3,418","2,174","2,931","2,981","2,353"
"118","2005-06","13,036","15,098","8,095","4,830","6,672","2,413","4,421","4,569","2,807","3,785","3,857","2,875","10,454","12,108","6,492","3,874","5,351","1,935","3,545","3,664","2,251","3,035","3,093","2,306"
"119","2006-07","13,433","15,557","8,284","4,986","6,887","2,452","4,566","4,714","2,927","3,880","3,956","2,905","11,051","12,799","6,815","4,102","5,666","2,017","3,757","3,878","2,408","3,192","3,255","2,390"
"120","2007-08","13,561","15,739","8,178","5,026","6,966","2,413","4,631","4,784","2,936","3,905","3,990","2,829","11,570","13,429","6,977","4,288","5,943","2,058","3,951","4,082","2,505","3,332","3,404","2,414"
"121","2008-09","14,112","16,428","8,725","5,215","7,296","2,469","4,843","5,006","3,079","4,054","4,126","3,178","12,209","14,212","7,549","4,512","6,312","2,136","4,190","4,331","2,664","3,507","3,569","2,749"
"122","","","","","","","","","","","","","","","","","","","","","","","","",""
"123","2009-10","14,676","17,214","8,824","5,453","7,689","2,614","5,038","5,225","3,267","4,185","4,299","2,943","12,819","15,036","7,708","4,763","6,717","2,283","4,401","4,564","2,854","3,655","3,755","2,571"
"124","2010-11","15,225","17,866","9,067","5,696","8,004","2,739","5,214","5,423","3,317","4,315","4,440","3,011","13,566","15,919","8,079","5,075","7,132","2,441","4,646","4,832","2,955","3,845","3,956","2,683"
"125","2011-12","15,656","18,303","9,396","6,066","8,410","2,891","5,288","5,486","3,380","4,302","4,407","3,125","14,359","16,787","8,617","5,563","7,713","2,651","4,849","5,031","3,100","3,946","4,042","2,866"
"126","2012-13","16,110","18,742","9,575","6,326","8,655","2,994","5,429","5,621","3,483","4,355","4,465","3,098","15,021","17,475","8,927","5,899","8,070","2,792","5,062","5,241","3,247","4,061","4,163","2,888"
"127","2013-14","16,504","19,113","9,803","6,463","8,777","3,042","5,601","5,786","3,641","4,440","4,550","3,120","15,628","18,100","9,283","6,120","8,312","2,881","5,304","5,479","3,448","4,205","4,308","2,955"
"128","","","","","","","","","","","","","","","","","","","","","","","","",""
"129","2014-15","16,971","19,533","10,049","6,678","8,957","3,098","5,771","5,951","3,731","4,522","4,625","3,220","16,188","18,632","9,585","6,370","8,543","2,955","5,504","5,677","3,559","4,313","4,412","3,072"
"130","2015-16","17,459","19,998","10,324","6,885","9,141","3,163","5,921","6,092","3,914","4,654","4,765","3,247","16,766","19,204","9,914","6,612","8,778","3,038","5,686","5,850","3,759","4,469","4,576","3,118"
"131","2016-17","17,627","19,928","10,318","6,972","9,003","3,228","5,991","6,153","3,909","4,664","4,772","3,181","17,238","19,488","10,090","6,818","8,804","3,156","5,859","6,018","3,823","4,562","4,666","3,111"
"132","2017-18","17,797","20,050","10,281","7,054","9,037","3,243","6,060","6,227","3,834","4,683","4,786","3,204","17,797","20,050","10,281","7,054","9,037","3,243","6,060","6,227","3,834","4,683","4,786","3,204"
"133","","","","","","","","","","","","","","","","","","","","","","","","",""
"134","Private    nonprofit and   for-profit   institutions","","","","","","","","","","","","","","","","","","","","","","","",""
"135","1963-64","14,602","14,559","10,563","8,142","8,132","5,165","2,542","2,516","1,963","3,918","3,912","3,435","1,815","1,810","1,313","1,012","1,011","642","316","313","244","487","486","427"
"136","1966-67","16,011","16,046","12,656","9,294","9,357","6,370","2,902","2,876","2,616","3,814","3,813","3,671","2,124","2,129","1,679","1,233","1,241","845","385","382","347","506","506","487"
"137","1967-68","16,088","16,223","12,856","9,463","9,610","6,508","2,860","2,848","2,670","3,765","3,765","3,677","2,205","2,223","1,762","1,297","1,317","892","392","390","366","516","516","504"
"138","1968-69","16,147","16,391","13,051","9,621","9,859","6,651","2,811","2,814","2,720","3,715","3,718","3,680","2,321","2,356","1,876","1,383","1,417","956","404","405","391","534","534","529"
"139","","","","","","","","","","","","","","","","","","","","","","","","",""
"140","1969-70","16,602","16,807","13,091","10,070","10,259","6,792","2,851","2,861","2,713","3,681","3,687","3,586","2,527","2,559","1,993","1,533","1,562","1,034","434","436","413","560","561","546"
"141","1970-71","17,046","17,205","13,136","10,518","10,658","6,927","2,888","2,899","2,711","3,639","3,648","3,498","2,729","2,754","2,103","1,684","1,706","1,109","462","464","434","583","584","560"
"142","1971-72","17,500","17,599","13,181","10,974","11,048","7,067","2,928","2,941","2,707","3,599","3,610","3,407","2,902","2,919","2,186","1,820","1,832","1,172","486","488","449","597","599","565"
"143","1972-73","17,598","17,918","13,175","11,001","11,293","7,077","3,031","3,053","2,649","3,566","3,572","3,449","3,036","3,091","2,273","1,898","1,948","1,221","523","527","457","615","616","595"
"144","1973-74","16,829","17,145","12,825","10,585","10,880","6,934","2,831","2,847","2,570","3,413","3,418","3,321","3,162","3,222","2,410","1,989","2,045","1,303","532","535","483","641","642","624"
"145","","","","","","","","","","","","","","","","","","","","","","","","",""
"146","1974-75","16,232","16,309","12,413","10,142","10,206","6,549","2,769","2,773","2,702","3,321","3,329","3,162","3,388","3,404","2,591","2,117","2,130","1,367","578","579","564","693","695","660"
"147","1975-76","16,305","16,414","12,129","10,165","10,251","6,385","2,798","2,812","2,559","3,341","3,350","3,186","3,644","3,669","2,711","2,272","2,291","1,427","625","629","572","747","749","712"
"148","1976-77","16,513","16,813","12,560","10,428","10,713","6,730","2,743","2,754","2,568","3,342","3,346","3,262","3,906","3,977","2,971","2,467","2,534","1,592","649","651","607","790","791","772"
"149","1977-78","16,473","16,797","12,470","10,394","10,697","6,756","2,766","2,781","2,502","3,314","3,319","3,212","4,158","4,240","3,148","2,624","2,700","1,706","698","702","631","836","838","811"
"150","1978-79","16,352","16,697","12,277","10,387","10,714","6,632","2,745","2,757","2,536","3,220","3,225","3,109","4,514","4,609","3,389","2,867","2,958","1,831","758","761","700","889","890","858"
"151","","","","","","","","","","","","","","","","","","","","","","","","",""
"152","1979-80","15,701","16,021","11,990","10,004","10,308","6,590","2,644","2,655","2,449","3,053","3,058","2,951","4,912","5,013","3,751","3,130","3,225","2,062","827","831","766","955","957","923"
"153","1980-81","15,668","16,022","12,325","10,019","10,360","6,912","2,628","2,637","2,496","3,020","3,025","2,917","5,470","5,594","4,303","3,498","3,617","2,413","918","921","871","1,054","1,056","1,019"
"154","1981-82","16,256","16,689","12,514","10,421","10,845","6,868","2,736","2,738","2,696","3,099","3,106","2,951","6,166","6,330","4,746","3,953","4,113","2,605","1,038","1,039","1,022","1,175","1,178","1,119"
"155","1982-83","17,494","18,015","13,561","11,222","11,727","7,604","2,986","2,987","2,976","3,286","3,301","2,980","6,920","7,126","5,364","4,439","4,639","3,008","1,181","1,181","1,177","1,300","1,306","1,179"
"156","1983-84","18,304","18,916","13,581","11,825","12,416","7,555","3,115","3,118","3,054","3,365","3,382","2,972","7,508","7,759","5,571","4,851","5,093","3,099","1,278","1,279","1,253","1,380","1,387","1,219"
"157","","","","","","","","","","","","","","","","","","","","","","","","",""
"158","1984-85","19,242","19,825","14,553","12,468","13,034","8,176","3,345","3,345","3,341","3,429","3,446","3,036","8,202","8,451","6,203","5,315","5,556","3,485","1,426","1,426","1,424","1,462","1,469","1,294"
"159","1985-864","20,259","21,042","14,849","13,200","13,956","8,373","3,542","3,550","3,420","3,517","3,536","3,055","8,885","9,228","6,512","5,789","6,121","3,672","1,553","1,557","1,500","1,542","1,551","1,340"
"160","1986-87","21,584","22,395","14,240","14,089","14,853","8,217","3,699","3,733","2,824","3,797","3,809","3,199","9,676","10,039","6,384","6,316","6,658","3,684","1,658","1,673","1,266","1,702","1,708","1,434"
"161","1987-88","22,515","22,831","15,160","14,969","15,242","8,912","3,744","3,770","2,956","3,803","3,819","3,291","10,512","10,659","7,078","6,988","7,116","4,161","1,748","1,760","1,380","1,775","1,783","1,537"
"162","1988-89","22,909","23,492","16,311","15,276","15,809","9,863","3,785","3,815","3,153","3,848","3,868","3,295","11,189","11,474","7,967","7,461","7,722","4,817","1,849","1,863","1,540","1,880","1,889","1,609"
"163","","","","","","","","","","","","","","","","","","","","","","","","",""
"164","1989-90","23,485","24,005","16,943","15,921","16,408","10,154","3,758","3,781","3,250","3,806","3,816","3,539","12,018","12,284","8,670","8,147","8,396","5,196","1,923","1,935","1,663","1,948","1,953","1,811"
"165","1990-91","23,920","24,526","17,236","16,254","16,828","10,320","3,823","3,849","3,231","3,843","3,849","3,684","12,910","13,237","9,302","8,772","9,083","5,570","2,063","2,077","1,744","2,074","2,077","1,989"
"166","1991-92","24,941","25,597","17,293","16,911","17,521","10,330","3,988","4,023","3,211","4,042","4,052","3,752","13,892","14,258","9,632","9,419","9,759","5,754","2,221","2,241","1,788","2,252","2,257","2,090"
"167","1992-93","25,476","26,130","17,241","17,308","17,920","10,548","4,088","4,112","3,430","4,081","4,098","3,264","14,634","15,009","9,903","9,942","10,294","6,059","2,348","2,362","1,970","2,344","2,354","1,875"
"168","1993-94","26,295","26,988","17,659","17,940","18,586","10,810","4,225","4,253","3,507","4,130","4,149","3,343","15,496","15,904","10,406","10,572","10,952","6,370","2,490","2,506","2,067","2,434","2,445","1,970"
"169","","","","","","","","","","","","","","","","","","","","","","","","",""
"170","1994-95","26,736","27,388","18,428","18,329","18,940","11,406","4,268","4,291","3,685","4,138","4,157","3,337","16,207","16,602","11,170","11,111","11,481","6,914","2,587","2,601","2,233","2,509","2,520","2,023"
"171","1995-96","27,637","28,284","18,571","19,054","19,662","11,394","4,397","4,418","3,808","4,186","4,203","3,369","17,208","17,612","11,563","11,864","12,243","7,094","2,738","2,751","2,371","2,606","2,617","2,098"
"172","1996-97","28,167","28,797","18,666","19,515","20,113","11,299","4,493","4,511","3,962","4,159","4,172","3,405","18,039","18,442","11,954","12,498","12,881","7,236","2,878","2,889","2,537","2,663","2,672","2,181"
"173","1997-98","28,406","29,255","19,822","19,637","20,471","11,451","4,531","4,547","4,100","4,237","4,236","4,272","18,516","19,070","12,921","12,801","13,344","7,464","2,954","2,964","2,672","2,762","2,761","2,785"
"174","1998-99","29,207","30,053","20,085","20,249","21,071","11,843","4,636","4,661","3,893","4,321","4,320","4,349","19,368","19,929","13,319","13,428","13,973","7,854","3,075","3,091","2,581","2,865","2,865","2,884"
"175","","","","","","","","","","","","","","","","","","","","","","","","",""
"176","1999-2000","29,626","30,393","20,585","20,666","21,422","12,055","4,743","4,751","4,496","4,217","4,220","4,034","20,213","20,737","14,045","14,100","14,616","8,225","3,236","3,242","3,067","2,877","2,879","2,753"
"177","2000-01","30,288","30,973","21,125","21,257","21,923","12,849","4,793","4,807","4,260","4,238","4,242","4,017","21,373","21,856","14,907","15,000","15,470","9,067","3,382","3,392","3,006","2,991","2,993","2,834"
"178","2001-02","31,210","31,882","22,036","21,920","22,573","14,031","4,967","4,980","4,339","4,322","4,329","3,667","22,413","22,896","15,825","15,742","16,211","10,076","3,567","3,576","3,116","3,104","3,109","2,633"
"179","2002-03","31,802","32,411","24,189","22,322","22,926","14,512","5,112","5,129","4,404","4,368","4,356","5,273","23,340","23,787","17,753","16,383","16,826","10,651","3,752","3,764","3,232","3,206","3,197","3,870"
"180","2003-04","32,832","33,427","26,078","23,087","23,685","15,394","5,260","5,270","4,774","4,485","4,472","5,910","24,624","25,070","19,558","17,315","17,763","11,545","3,945","3,952","3,581","3,364","3,354","4,432"
"181","","","","","","","","","","","","","","","","","","","","","","","","",""
"182","2004-05","33,417","33,991","26,273","23,498","24,081","15,691","5,408","5,401","5,793","4,511","4,509","4,789","25,817","26,260","20,297","18,154","18,604","12,122","4,178","4,173","4,475","3,485","3,483","3,700"
"183","2005-06","33,552","34,082","26,689","23,520","24,055","15,524","5,486","5,491","5,204","4,545","4,535","5,961","26,908","27,333","21,404","18,862","19,292","12,450","4,400","4,404","4,173","3,645","3,637","4,781"
"184","2006-07","34,568","35,151","24,655","24,367","24,938","15,446","5,599","5,607","5,040","4,603","4,607","4,169","28,440","28,919","20,284","20,047","20,517","12,708","4,606","4,613","4,147","3,787","3,790","3,430"
"185","2007-08","34,890","35,426","25,417","24,581","25,113","15,387","5,630","5,635","5,256","4,679","4,678","4,775","29,768","30,226","21,686","20,972","21,427","13,128","4,803","4,808","4,484","3,992","3,992","4,074"
"186","2008-09","35,561","36,102","26,266","24,939","25,476","15,682","5,809","5,816","5,263","4,813","4,810","5,320","30,764","31,232","22,723","21,575","22,040","13,567","5,025","5,031","4,553","4,164","4,161","4,603"
"187","","","","","","","","","","","","","","","","","","","","","","","","",""
"188","2009-10","35,880","36,459","28,006","24,916","25,495","17,015","6,008","6,009","5,966","4,956","4,956","5,026","31,341","31,847","24,463","21,764","22,269","14,862","5,248","5,248","5,211","4,329","4,329","4,390"
"189","2010-11","35,773","36,494","25,926","24,737","25,451","15,361","6,064","6,071","5,543","4,972","4,972","5,022","31,875","32,517","23,101","22,042","22,677","13,687","5,403","5,410","4,939","4,430","4,430","4,475"
"190","2011-12","36,045","36,720","25,737","24,915","25,584","15,223","6,130","6,136","5,636","5,000","5,001","4,879","33,058","33,677","23,605","22,850","23,464","13,961","5,622","5,627","5,169","4,586","4,586","4,475"
"191","2012-13","36,983","37,614","25,048","25,679","26,301","15,175","6,254","6,260","5,607","5,050","5,054","4,266","34,483","35,071","23,355","23,943","24,523","14,149","5,831","5,837","5,228","4,709","4,712","3,977"
"192","2013-14","38,011","38,649","25,207","26,516","27,147","14,964","6,358","6,364","5,796","5,136","5,139","4,447","35,995","36,599","23,870","25,110","25,707","14,170","6,021","6,026","5,489","4,864","4,866","4,211"
"193","","","","","","","","","","","","","","","","","","","","","","","","",""
"194","2014-15","39,232","39,825","25,504","27,448","28,032","14,951","6,522","6,530","5,773","5,262","5,264","4,780","37,422","37,988","24,327","26,182","26,739","14,261","6,221","6,228","5,506","5,019","5,021","4,560"
"195","2015-16","40,630","41,168","25,383","28,571","29,097","15,128","6,724","6,732","5,901","5,335","5,340","4,354","39,016","39,534","24,375","27,436","27,942","14,528","6,457","6,464","5,666","5,123","5,128","4,181"
"196","2016-17","41,845","42,400","25,449","29,597","30,140","14,918","6,861","6,868","6,083","5,387","5,392","4,448","40,922","41,465","24,888","28,945","29,476","14,589","6,710","6,717","5,949","5,268","5,273","4,350"
"197","2017-18","42,681","43,139","25,596","30,282","30,731","14,894","6,961","6,967","6,057","5,437","5,441","4,645","42,681","43,139","25,596","30,282","30,731","14,894","6,961","6,967","6,057","5,437","5,441","4,645"
"198","","","","","","","","","","","","","","","","","","","","","","","","",""
"199","Nonprofit","","","","","","","","","","","","","","","","","","","","","","","",""
"200","1999-2000","30,763","31,118","17,131","21,854","22,178","10,102","4,696","4,720","3,100","4,214","4,220","3,928","20,989","21,231","11,688","14,911","15,131","6,893","3,204","3,221","2,115","2,875","2,879","2,680"
"201","2000-01","31,083","31,417","16,604","22,101","22,407","9,875","4,743","4,769","2,846","4,238","4,242","3,883","21,934","22,170","11,717","15,596","15,811","6,968","3,347","3,365","2,008","2,991","2,993","2,740"
"202","2001-02","32,138","32,385","18,060","22,892","23,120","11,316","4,923","4,936","3,208","4,322","4,329","3,536","23,080","23,257","12,970","16,440","16,604","8,126","3,536","3,544","2,304","3,104","3,109","2,540"
"203","2002-03","33,077","33,308","19,677","23,652","23,868","12,136","5,072","5,084","3,605","4,353","4,356","3,936","24,276","24,446","14,442","17,359","17,517","8,907","3,723","3,731","2,646","3,195","3,197","2,889"
"204","2003-04","34,247","34,471","20,759","24,572","24,779","12,782","5,209","5,220","3,805","4,466","4,472","4,172","25,685","25,853","15,569","18,429","18,584","9,587","3,907","3,915","2,853","3,349","3,354","3,129"
"205","","","","","","","","","","","","","","","","","","","","","","","","",""
"206","2004-05","35,057","35,279","20,589","25,239","25,438","12,827","5,324","5,332","3,792","4,495","4,509","3,970","27,083","27,255","15,906","19,498","19,652","9,910","4,113","4,119","2,929","3,472","3,483","3,067"
"207","2005-06","35,562","35,777","20,361","25,646","25,851","12,866","5,381","5,391","3,761","4,535","4,535","3,734","28,520","28,692","16,329","20,568","20,732","10,318","4,315","4,323","3,017","3,637","3,637","2,994"
"208","2006-07","36,666","36,854","21,492","26,547","26,733","13,292","5,509","5,515","4,346","4,610","4,607","3,853","30,166","30,321","17,682","21,841","21,994","10,936","4,532","4,537","3,576","3,793","3,790","3,170"
"209","2007-08","37,413","37,565","22,101","27,193","27,342","13,817","5,538","5,544","4,449","4,682","4,678","3,835","31,921","32,050","18,857","23,201","23,329","11,789","4,725","4,730","3,796","3,994","3,992","3,272"
"210","2008-09","38,879","39,024","23,420","28,323","28,479","14,567","5,730","5,735","4,496","4,826","4,810","4,358","33,635","33,761","20,261","24,503","24,638","12,602","4,957","4,962","3,889","4,175","4,161","3,770"
"211","","","","","","","","","","","","","","","","","","","","","","","","",""
"212","2009-10","39,977","40,118","23,762","29,074","29,234","14,466","5,923","5,928","4,713","4,981","4,956","4,584","34,920","35,042","20,756","25,396","25,535","12,636","5,173","5,178","4,116","4,351","4,329","4,004"
"213","2010-11","40,743","40,870","22,549","29,675","29,832","14,218","6,058","6,065","4,466","5,010","4,972","3,865","36,304","36,416","20,092","26,441","26,581","12,668","5,398","5,404","3,980","4,464","4,430","3,444"
"214","2011-12","41,112","41,254","24,997","29,923","30,111","15,350","6,136","6,142","4,668","5,053","5,001","4,980","37,705","37,835","22,926","27,443","27,616","14,078","5,628","5,633","4,281","4,634","4,586","4,567"
"215","2012-13","42,011","42,149","23,753","30,637","30,827","14,784","6,262","6,268","4,724","5,111","5,054","4,245","39,171","39,299","22,148","28,566","28,743","13,785","5,838","5,844","4,405","4,766","4,712","3,958"
"216","2013-14","42,912","43,012","24,289","31,333","31,493","14,787","6,375","6,380","5,061","5,204","5,139","4,441","40,636","40,731","23,001","29,671","29,823","14,003","6,037","6,042","4,793","4,928","4,866","4,206"
"217","","","","","","","","","","","","","","","","","","","","","","","","",""
"218","2014-15","43,999","44,098","24,723","32,124","32,278","14,984","6,551","6,556","5,281","5,324","5,264","4,457","41,969","42,063","23,582","30,641","30,789","14,293","6,249","6,254","5,038","5,078","5,021","4,252"
"219","2015-16","44,858","44,989","25,356","32,708","32,884","15,333","6,760","6,765","5,602","5,390","5,340","4,421","43,077","43,202","24,349","31,409","31,578","14,724","6,491","6,497","5,379","5,176","5,128","4,246"
"220","2016-17","45,552","45,707","25,838","33,287","33,454","15,646","6,855","6,860","5,741","5,410","5,392","4,450","44,548","44,699","25,268","32,553","32,717","15,301","6,704","6,709","5,615","5,291","5,273","4,352"
"221","2017-18","46,014","46,150","26,531","33,605","33,755","15,790","6,950","6,954","6,016","5,459","5,441","4,725","46,014","46,150","26,531","33,605","33,755","15,790","6,950","6,954","6,016","5,459","5,441","4,725"
"222","","","","","","","","","","","","","","","","","","","","","","","","",""
"223","For-profit","","","","","","","","","","","","","","","","","","","","","","","",""
"224","1999-2000","23,633","24,253","23,060","12,761","12,694","12,848","6,224","6,788","5,733","4,647","4,771","4,479","16,124","16,547","15,734","8,707","8,661","8,766","4,247","4,631","3,912","3,171","3,255","3,056"
"225","2000-01","25,065","25,820","24,178","14,444","14,753","14,094","6,387","7,029","5,604","4,235","4,037","4,480","17,688","18,220","17,061","10,192","10,411","9,945","4,507","4,960","3,955","2,988","2,849","3,161"
"226","2001-02","25,867","27,532","23,611","15,122","15,413","14,801","6,446","7,514","4,984","4,299","4,605","3,826","18,576","19,772","16,956","10,860","11,069","10,629","4,629","5,396","3,579","3,087","3,307","2,748"
"227","2002-03","26,833","27,304","26,439","15,410","15,542","15,163","6,238","7,335","4,809","5,186","4,426","6,466","19,694","20,039","19,404","11,310","11,407","11,129","4,578","5,384","3,530","3,806","3,249","4,746"
"228","2003-04","29,096","29,177","29,828","16,371","16,531","16,032","6,789","7,672","5,322","5,935","4,974","8,474","21,822","21,883","22,371","12,278","12,398","12,024","5,092","5,754","3,992","4,451","3,730","6,355"
"229","","","","","","","","","","","","","","","","","","","","","","","","",""
"230","2004-05","29,898","30,309","28,933","16,874","17,083","16,319","7,320","7,589","6,665","5,704","5,637","5,949","23,098","23,415","22,353","13,036","13,197","12,607","5,655","5,863","5,149","4,407","4,355","4,596"
"231","2005-06","29,374","28,960","32,009","16,505","16,602","16,158","7,588","8,086","5,956","5,281","4,272","9,895","23,557","23,225","25,670","13,237","13,315","12,959","6,085","6,485","4,776","4,235","3,426","7,935"
"232","2006-07","29,180","30,037","25,830","17,354","17,737","15,904","7,542","8,068","5,428","4,285","4,232","4,498","24,007","24,712","21,251","14,277","14,593","13,084","6,205","6,638","4,466","3,525","3,481","3,701"
"233","2007-08","29,003","29,398","27,571","16,888","17,163","15,664","7,554","7,948","5,744","4,561","4,288","6,163","24,746","25,083","23,524","14,409","14,643","13,365","6,445","6,781","4,901","3,892","3,658","5,258"
"234","2008-09","28,101","28,247","28,491","16,545","16,676","15,872","7,181","7,446","5,687","4,375","4,125","6,932","24,311","24,437","24,648","14,313","14,427","13,731","6,212","6,441","4,920","3,785","3,569","5,997"
"235","","","","","","","","","","","","","","","","","","","","","","","","",""
"236","2009-10","27,612","27,344","29,734","16,061","15,764","17,323","7,146","7,249","6,506","4,405","4,331","5,905","24,118","23,885","25,973","14,029","13,769","15,132","6,242","6,332","5,683","3,847","3,783","5,158"
"237","2010-11","25,792","25,672","28,940","15,419","15,405","15,479","6,127","6,149","5,978","4,246","4,118","7,483","22,982","22,875","25,787","13,739","13,727","13,792","5,460","5,479","5,327","3,783","3,669","6,668"
"238","2011-12","25,048","24,994","25,608","14,993","14,951","15,204","6,060","6,052","6,135","3,994","3,991","4,269","22,972","22,923","23,486","13,751","13,712","13,944","5,558","5,551","5,627","3,663","3,660","3,915"
"239","2012-13","24,845","24,762","25,757","14,769","14,683","15,242","6,157","6,164","6,080","3,920","3,915","4,435","23,165","23,088","24,016","13,770","13,691","14,212","5,740","5,747","5,669","3,655","3,651","4,135"
"240","2013-14","24,432","24,338","25,710","14,562","14,482","14,991","6,128","6,119","6,220","3,742","3,736","4,498","23,137","23,047","24,346","13,789","13,714","14,196","5,803","5,795","5,891","3,544","3,538","4,260"
"241","","","","","","","","","","","","","","","","","","","","","","","","",""
"242","2014-15","24,504","24,402","26,869","14,648","14,598","14,945","6,076","6,078","6,059","3,780","3,726","5,865","23,373","23,277","25,629","13,972","13,924","14,256","5,796","5,798","5,780","3,605","3,554","5,594"
"243","2015-16","24,760","24,703","25,316","14,780","14,735","15,076","6,091","6,083","6,173","3,889","3,885","4,067","23,777","23,722","24,310","14,193","14,150","14,477","5,849","5,842","5,928","3,735","3,731","3,905"
"244","2016-17","26,004","26,107","25,591","14,744","14,748","14,723","7,044","7,154","6,430","4,216","4,206","4,438","25,431","25,531","25,027","14,419","14,423","14,399","6,889","6,996","6,288","4,123","4,113","4,340"
"245","2017-18","26,261","26,412","25,065","14,676","14,686","14,605","7,268","7,411","6,102","4,317","4,315","4,357","26,261","26,412","25,065","14,676","14,686","14,605","7,268","7,411","6,102","4,317","4,315","4,357"
